{"id":2,"positionTracked":true,"position":[-224.9148559570312,9.455127716064453,1548.910400390625],"skeletonTracked":true,"skeleton":{"1":{"id":1,"position":[-34.785214233398435,58.0874267578125,-161.2942016601562],"positionconfidence":1,"rotation":[0.9823868274688721,0.1782729029655457,-0.05599374696612358,-0.1776001006364822,0.9839587807655334,0.01681597344577312,0.05809338018298149,-0.006575392559170723,0.9982898831367493],"rotationconfidence":1},"2":{"id":2,"position":[-31.033541870117187,37.302023315429686,-160.9389770507812],"positionconfidence":1,"rotation":[0.9823868274688721,0.1782729029655457,-0.05599374696612358,-0.1776001006364822,0.9839587807655334,0.01681597344577312,0.05809338018298149,-0.006575392559170723,0.9982898831367493],"rotationconfidence":1},"3":{"id":3,"position":[-27.4857666015625,17.6307373046875,-160.19071044921878],"positionconfidence":1,"rotation":[0.9822065234184265,0.1792724281549454,-0.05596620589494705,-0.177365243434906,0.9834336638450623,0.03740854188799858,0.06174537912011147,-0.02681655995547771,0.9977320432662964],"rotationconfidence":1},"6":{"id":6,"position":[-47.117166137695314,34.36643676757812,-161.855419921875],"positionconfidence":1,"rotation":[0.0639699250459671,0.9808362126350403,0.1840327084064484,-0.9563328623771667,0.1129512414336205,-0.2695723474025726,-0.2851930856704712,-0.1587519943714142,0.9452314972877502],"rotationconfidence":1},"7":{"id":7,"position":[-48.84342956542969,7.89803466796875,-156.88919677734378],"positionconfidence":1,"rotation":[-0.1694282442331314,0.5373055338859558,0.826194167137146,-0.9563328623771667,0.1129512637853622,-0.269572377204895,-0.2381624132394791,-0.8357898592948914,0.4947058260440826],"rotationconfidence":1},"9":{"id":9,"position":[-44.33151550292969,-6.4105377197265625,-134.887451171875],"positionconfidence":1,"rotation":[0,0,0,0,0,0,0,0,0],"rotationconfidence":0},"12":{"id":12,"position":[-14.94991760253906,40.23760986328125,-160.0225341796875],"positionconfidence":1,"rotation":[-0.000002622604370117188,-1.000000357627869,-3.139758815979273e-18,1.000000357627869,-0.000002622604370117188,-2.386143717998802e-18,2.386136480168442e-18,-3.139764399448408e-18,1],"rotationconfidence":0.5},"13":{"id":13,"position":[-14.94998931884766,12.78487548828125,-160.0225341796875],"positionconfidence":0.5,"rotation":[0.0000197291374206543,-0.9999990463256836,-6.791403883710245e-9,0.9999990463256836,0.0000197291374206543,-2.552370093056311e-9,2.552497546659538e-9,-6.791356810254001e-9,1],"rotationconfidence":0.5},"15":{"id":15,"position":[-14.949447631835941,-14.667822265625,-160.0225341796875],"positionconfidence":0.5,"rotation":[0,0,0,0,0,0,0,0,0],"rotationconfidence":0},"17":{"id":17,"position":[-33.32072448730469,-3.7530868530273436,-159.9770751953125],"positionconfidence":1,"rotation":[0.8296944499015808,0.2230605036020279,-0.5117137432098389,-0.04342500492930412,0.9397055506706238,0.3392164409160614,0.5565260052680969,-0.2592248022556305,0.7893548607826233],"rotationconfidence":1},"18":{"id":18,"position":[-31.53934326171875,-42.30171508789062,-146.06173095703122],"positionconfidence":1,"rotation":[0.8511331081390381,0,-0.5249501466751099,0,1,0,0.5249501466751099,0,0.8511331081390381],"rotationconfidence":0},"20":{"id":20,"position":[-31.53934326171875,-78.99112548828126,-146.06173095703122],"positionconfidence":0,"rotation":[0,0,0,0,0,0,0,0,0],"rotationconfidence":0},"21":{"id":21,"position":[-14.555255126953119,-0.3280105590820312,-158.9078125],"positionconfidence":1,"rotation":[0.9461239576339722,0.1762659400701523,0.2716246545314789,-0.2209841459989548,0.9646241664886475,0.1437572836875916,-0.2366762012243271,-0.1960369646549225,0.9516060948371887],"rotationconfidence":1},"22":{"id":22,"position":[-5.490036773681641,-39.8988525390625,-153.010595703125],"positionconfidence":1,"rotation":[0.9611005187034607,0,0.2761990427970886,0,1,0,-0.2761990427970886,0,0.9611005187034607],"rotationconfidence":0},"24":{"id":24,"position":[-5.490036773681641,-76.58826293945313,-153.010595703125],"positionconfidence":0,"rotation":[0,0,0,0,0,0,0,0,0],"rotationconfidence":0}}}